external_id,name,abv,bjcp_style_id
cass-fresh,카스 프레시,4.5,2A
terra,테라,4.6,2A
kelly,켈리,4.5,2A
hite-extra-cold,하이트 엑스트라 콜드,4.5,2A
kloud-original,클라우드 오리지널,5.0,2A
hanmac,한맥,4.6,2A
asahi-super-dry,아사히 슈퍼드라이,5.0,2A
kirin-ichiban,기린 이치방,5.0,2A
sapporo-premium,삿포로 프리미엄,5.0,2A
tsingtao,칭따오,4.7,2A
heineken,하이네켄,5.0,2A
stella-artois,스텔라 아르투아,5.0,2A
san-miguel-pale-pilsen,산미구엘 페일 필젠,5.0,2A
corona-extra,코로나 엑스트라,4.5,2A
budweiser,버드와이저,5.0,1B
pilsner-urquell,필스너 우르켈,4.4,3B
guinness-draught,기네스 드래프트,4.2,15B
hoegaarden,호가든,4.9,24A
kronenbourg-1664-blanc,블랑 1664,5.0,24A
paulaner-hefe-weissbier,파울라너 헤페바이스비어,5.5,10A
edelweiss,에델바이스,4.9,10A
